AAL,Aalborg,Aalborg Airport
AAR,Aarhus,Aarhus Airport
ABE,Allentown,Lehigh Valley International Airport
ABJ,Abidjan,Port Bouet Airport
ABQ,Albuquerque,Albuquerque International Sunport Airport
ABR,Aberdeen,Aberdeen Regional Airport
ABV,Abuja,Nnamdi Azikiwe International Airport
ABX,Albury,Albury Airport
ABY,Albany,Southwest Georgia Regional Airport
ABZ,Aberdeen,Aberdeen Dyce Airport
ACA,Acapulco,General Juan N Alvarez International Airport
ACC,Accra,Kotoka International Airport
ACE,Arrecife,Lanzarote Airport
ACV,Arcata CA,Arcata Airport
ACX,Xingyi,Xingyi Airport
ACY,Atlantic City,Atlantic City International Airport
ADA,Adana,Adana Airport
ADB,Izmir,Adnan Menderes International Airport
ADD,Addis Ababa,Addis Ababa Bole International Airport
ADE,Aden,Aden International Airport
ADF,Adiyaman,Adiyaman Airport
ADL,Adelaide,Adelaide International Airport
AEP,Buenos Aires,Jorge Newbery Airpark
AER,Sochi,Sochi International Airport
AES,Alesund,Alesund Airport
AEX,Alexandria,Alexandria International Airport
AGP,Malaga,Malaga Airport
AGS,Bush Field,Augusta Regional At Bush Field
AGT,Ciudad del Este,Guarani International Airport
AGU,Aguascalientes,Jesus Teran Paredo International Airport
AIA,Alliance,Alliance Municipal Airport
AJA,Ajaccio,Ajaccio-Napoleon Bonaparte Airport
AJI,Agri,Agri Airport
AJU,Aracaju,Santa Maria Airport
AKJ,Asahikawa,Asahikawa Airport
AKL,Auckland,Auckland International Airport
AKU,Aksu,Aksu Airport
ALA,Alma-ata,Almaty Airport
ALB,Albany,Albany International Airport
ALC,Alicante,Alicante International Airport
ALF,Alta,Alta Airport
ALG,Algier,Houari Boumediene Airport
ALS,Alamosa,San Luis Valley Regional Bergman Field
AMA,Amarillo,Rick Husband Amarillo International Airport
AMD,Ahmedabad,Sardar Vallabhbhai Patel International Airport
AMM,Amman,Queen Alia International Airport
AMS,Amsterdam,Amsterdam Airport Schiphol
ANC,Anchorage,Ted Stevens Anchorage International Airport
ANR,Antwerp,Antwerp International Airport (Deurne)
ANU,Antigua,V.C. Bird International Airport
AOE,Eskissehir,Anadolu Airport
AOG,Anshan,Anshan Air Base
AOI,Ancona,Ancona Falconara Airport
AOO,Altoona,Altoona Blair County Airport
APN,Alpena,Alpena County Regional Airport
AQG,Anqing,Anqing Tianzhushan Airport
AQJ,Aqaba,Aqaba King Hussein International Airport
AQP,Arequipa,Rodriguez Ballon International Airport
ARM,Armidale,Armidale Airport
ARN,Stockholm,Stockholm-Arlanda Airport
ASB,Ashkhabad,Ashgabat Airport
ASE,Aspen,Aspen-Pitkin Co/Sardy Field
ASF,Astrakhan,Astrakhan Airport
ASP,Alice Springs,Alice Springs Airport
ASR,Kayseri,Kayseri Erkilet Airport
ASU,Asuncion,Silvio Pettirossi International Airport
ATH,Athens,Eleftherios Venizelos International Airport
ATL,Atlanta,Hartsfield Jackson Atlanta International Airport
ATQ,Amritsar,Sri Guru Ram Dass Jee International Airport
ATW,Appleton,Appleton International Airport
AUA,Oranjestad,Queen Beatrix International Airport
AUH,Abu Dhabi,Abu Dhabi International Airport
AUS,Austin,Austin Bergstrom International Airport
AVA,Anshun,Anshun Huangguoshu Airport
AVL,Asheville,Asheville Regional Airport
AVP,Scranton,Wilkes Barre Scranton International Airport
AXT,Akita,Akita Airport
AYQ,Uluru,Ayers Rock Connellan Airport
AYT,Antalya,Antalya International Airport
AZO,Kalamazoo,Kalamazoo Battle Creek International Airport
BAH,Bahrain,Bahrain International Airport
BAL,Batman,Batman Airport
BAQ,Barranquilla,Ernesto Cortissoz International Airport
BAV,Baotou,Baotou Airport
BCI,Barcaldine,Barcaldine Airport
BCN,Barcelona,Barcelona International Airport
BDA,Bermuda,L.F. Wade International International Airport
BDB,Bundaberg,Bundaberg Airport
BDL,Windsor Locks,Bradley International Airport
BEG,Belgrade,Belgrade Nikola Tesla Airport
BEL,Belem,Val de Cans/Julio Cezar Ribeiro International Airport
BEN,Benghazi,Benina International Airport
BES,Brest,Brest Bretagne Airport
BEY,Beirut,Beirut Rafic Hariri International Airport
BFD,Bradford,Bradford Regional Airport
BFJ,Bijie,Bijie Feixiong Airport
BFL,Bakersfield,Meadows Field
BFS,Belfast,Belfast International Airport
BGF,Bangui,Bangui M'Poko International Airport
BGI,Bridgetown,Sir Grantley Adams International Airport
BGM,Binghamton,Greater Binghamton/Edwin A Link field
BGO,Bergen,Bergen Airport Flesland
BGR,Bangor,Bangor International Airport
BGW,Baghdad,Baghdad International Airport
BHD,Belfast,George Best Belfast City Airport
BHM,Birmingham,Birmingham-Shuttlesworth International Airport
BHX,Birmingham,Birmingham International Airport
BHY,Beihai,Beihai Airport
BIA,Bastia,Bastia-Poretta Airport
BIL,Billings,Billings Logan International Airport
BIM,Alice Town,South Bimini Airport
BIO,Bilbao,Bilbao Airport
BIQ,Biarritz-bayonne,Biarritz-Anglet-Bayonne Airport
BIS,Bismarck,Bismarck Municipal Airport
BJI,Bemidji,Bemidji Regional Airport
BJL,Banjul,Banjul International Airport
BJM,Bujumbura,Bujumbura International Airport
BJV,Bodrum,Milas Bodrum International Airport
BJX,Del Bajio,Del Bajio International Airport
BKI,Kota Kinabalu,Kota Kinabalu International Airport
BKK,Bangkok,Suvarnabhumi Airport
BKO,Bamako,Senou Airport
BKQ,Blackall,Blackall Airport
BKW,Beckley,Raleigh County Memorial Airport
BLL,Billund,Billund Airport
BLQ,Bologna,Bologna Guglielmo Marconi Airport
BLR,Bangalore,Kempegowda International Airport
BMA,Stockholm,Stockholm-Bromma Airport
BME,Broome,Broome International Airport
BMI,Bloomington,Central Illinois Regional Airport at Bloomington-Normal
BNA,Nashville,Nashville International Airport
BNE,Brisbane,Brisbane International Airport
BOD,Bordeaux,Bordeaux-Merignac Airport
BOG,Bogota,El Dorado International Airport
BOI,Boise,Boise Air Terminal/Gowen field
BOM,Mumbai,Chhatrapati Shivaji International Airport
BON,Kralendijk,Flamingo International Airport
BOS,Boston,General Edward Lawrence Logan International Airport
BPS,Porto Seguro,Porto Seguro Airport
BQK,Brunswick,Brunswick Golden Isles Airport
BQN,Aguadilla,Rafael Hernandez Airport
BRD,Brainerd,Brainerd Lakes Regional Airport
BRE,Bremen,Bremen Airport
BRI,Bari,Bari Karol Wojtyla Airport
BRO,Brownsville,Brownsville South Padre Island International Airport
BRS,Bristol,Bristol Airport
BRU,Brussels,Brussels Airport
BSB,Brasilia,Presidente Juscelino Kubistschek International Airport
BSL,Mulhouse,EuroAirport Basel-Mulhouse-Freiburg Airport
BSR,Basrah,Basrah International Airport
BTM,Butte,Bert Mooney Airport
BTS,Bratislava,M. R. Stefanik Airport
BTV,Burlington,Burlington International Airport
BUD,Budapest,Budapest Ferenc Liszt International Airport
BUF,Buffalo,Buffalo Niagara International Airport
BUR,Burbank,Bob Hope Airport
BUS,Batumi,Batumi International Airport
BVB,Boa Vista,Atlas Brasil Cantanhede Airport
BVE,Brive,Toul Rosieres Air Base
BWI,Baltimore,Baltimore/Washington International Thurgood Marshall Airport
BZE,Belize City,Philip S. W. Goldson International Airport
BZN,Bozeman,Gallatin Field
BZV,Brazzaville,Maya-Maya Airport
CAE,Columbia,Columbia Metropolitan Airport
CAG,Cagliari,Cagliari Elmas Airport
CAI,Cairo,Cairo International Airport
CAK,Akron,Akron Canton Regional Airport
CAN,Guangzhou,Guangzhou Baiyun International Airport
CAY,Cayenne,Cayenne-Rochambeau Airport
CBR,Canberra,Canberra International Airport
CCJ,Calicut,Calicut International Airport
CCS,Caracas,Simon Bolivar International Airport
CCU,Kolkata,Netaji Subhash Chandra Bose International Airport
CDC,Cedar City,Cedar City Regional Airport
CDG,Paris,Charles de Gaulle International Airport
CDR,Chadron,Chadron Municipal Airport
CEB,Cebu,Mactan Cebu International Airport
CEC,Crescent City,Jack Mc Namara Field Airport
CEI,Chiang Rai,Chiang Rai International Airport
CFE,Clermont-Ferrand,Clermont-Ferrand Auvergne Airport
CFS,Coff's Harbour,Coffs Harbour Airport
CGB,Cuiaba,Marechal Rondon Airport
CGD,Changde,Changde Airport
CGH,Sao Paulo,Congonhas Airport
CGK,Jakarta,Soekarno-Hatta International Airport
CGN,Cologne,Cologne Bonn Airport
CGO,Zhengzhou,Zhengzhou Xinzheng International Airport
CGQ,Changchun,Longjia Airport
CGR,Campo Grande,Campo Grande Airport
CHA,Chattanooga,Lovell Field
CHC,Christchurch,Christchurch International Airport
CHO,Charlottesville VA,Charlottesville Albemarle Airport
CHS,Charleston,Charleston Air Force Base-International Airport
CIC,Chico,Chico Municipal Airport
CID,Cedar Rapids,The Eastern Iowa Airport
CIH,Changzhi,Changzhi Airport
CIU,Sault Ste Marie,Chippewa County International Airport
CJU,Cheju,Jeju International Airport
CKB,Clarksburg,North Central West Virginia Airport
CKG,Chongqing,Chongqing Jiangbei International Airport
CKY,Conakry,Conakry International Airport
CKZ,Canakkale,Canakkale Airport
CLD,Carlsbad,Mc Clellan-Palomar Airport
CLE,Cleveland,Cleveland Hopkins International Airport
CLJ,Cluj-napoca,Cluj-Napoca International Airport
CLL,College Station,Easterwood Field
CLO,Cali,Alfonso Bonilla Aragon International Airport
CLT,Charlotte,Charlotte Douglas International Airport
CLY,Calvi,Calvi-Sainte-Catherine Airport
CMB,Colombo,Bandaranaike International Colombo Airport
CME,Ciudad Del Carmen,Ciudad del Carmen International Airport
CMH,Columbus,Port Columbus International Airport
CMN,Casablanca,Mohammed V International Airport
CMX,Hancock,Houghton County Memorial Airport
CND,Constanta,Mihail Kogalniceanu International Airport
CNF,Belo Horizonte,Tancredo Neves International Airport
CNJ,Cloncurry,Cloncurry Airport
CNS,Cairns,Cairns International Airport
CNX,Chiang Mai,Chiang Mai International Airport
CNY,Moab,Canyonlands Field
COD,Cody,Yellowstone Regional Airport
COK,Kochi,Cochin International Airport
COO,Cotonou,Cadjehoun Airport
COS,Colorado Springs,City of Colorado Springs Municipal Airport
CPH,Copenhagen,Copenhagen Kastrup Airport
CPR,Casper,Casper-Natrona County International Airport
CPT,Cape Town,Cape Town International Airport
CRK,Angeles City,Clark International Airport
CRP,Corpus Christi,Corpus Christi International Airport
CRW,Charleston,Yeager Airport
CSG,Columbus,Columbus Metropolitan Airport
CSX,Changcha,Changsha Huanghua International Airport
CTA,Catania,Catania-Fontanarossa Airport
CTG,Cartagena,Rafael Nunez International Airport
CTL,Charlieville,Charleville Airport
CTS,Sapporo,New Chitose Airport
CTU,Chengdu,Chengdu Shuangliu International Airport
CUL,Culiacan,Bachigualato Federal International Airport
CUN,Cancun,Cancun International Airport
CUR,Willemstad,Hato International Airport
CUU,Chihuahua,General Roberto Fierro Villalobos International Airport
CUZ,Cuzco,Alejandro Velasco Astete International Airport
CVG,Cincinnati,Cincinnati Northern Kentucky International Airport
CWA,Wassau,Central Wisconsin Airport
CWB,Curitiba,Afonso Pena Airport
CWL,Cardiff,Cardiff International Airport
CXI,Kiritimati,Cassidy International Airport
CYS,Cheyenne,Cheyenne Regional Jerry Olson Field
CZM,Cozumel,Cozumel International Airport
CZX,Changzhou,Changzhou Benniu Airport
DAB,Daytona Beach,Daytona Beach International Airport
DAC,Dhaka,Dhaka / Hazrat Shahjalal International Airport
DAD,Danang,Da Nang International Airport
DAL,Dallas,Dallas Love Field
DAR,Dar Es Salaam,Julius Nyerere International Airport
DAT,Datong,Datong Airport
DAY,Dayton,James M Cox Dayton International Airport
DBO,Dubbo,Dubbo City Regional Airport
DBV,Dubrovnik,Dubrovnik Airport
DCA,Washington,Ronald Reagan Washington National Airport
DDC,Dodge City,Dodge City Regional Airport
DEL,Delhi,Indira Gandhi International Airport
DEN,Denver,Denver International Airport
DFW,Dallas-Fort Worth,Dallas Fort Worth International Airport
DGO,Durango,General Guadalupe Victoria International Airport
DHN,Dothan,Dothan Regional Airport
DIG,Shangri-La,Diqing Airport
DIK,Dickinson,Dickinson Theodore Roosevelt Regional Airport
DIL,Dili,Presidente Nicolau Lobato International Airport
DIY,Diyabakir,Diyarbakir Airport
DKR,Dakar,Leopold Sedar Senghor International Airport
DLA,Douala,Douala International Airport
DLC,Dalian,Zhoushuizi Airport
DLH,Duluth,Duluth International Airport
DLM,Dalaman,Dalaman International Airport
DLU,Dali,Dali Airport
DME,Moscow,Domodedovo International Airport
DMM,Dammam,King Fahd International Airport
DNH,Dunhuang,Dunhuang Airport
DNK,Dnepropetrovsk,Dnipropetrovsk International Airport
DNZ,Denizli,Cardak Airport
DOH,Doha,Doha International Airport
DOK,Donetsk,Donetsk International Airport
DOL,Deauville,Deauville-Saint-Gatien Airport
DPO,Devonport,Devonport Airport
DPS,Denpasar,Ngurah Rai (Bali) International Airport
DRO,Durango,Durango La Plata County Airport
DRS,Dresden,Dresden Airport
DRW,Darwin,Darwin International Airport
DSM,Des Moines,Des Moines International Airport
DSN,Dongsheng,Ordos Ejin Horo Airport
DTM,Dortmund,Dortmund Airport
DTW,Detroit,Detroit Metropolitan Wayne County Airport
DUB,Dublin,Dublin Airport
DUJ,Du Bois,DuBois Regional Airport
DUR,Durban,King Shaka International Airport
DUS,Duesseldorf,Dusseldorf International Airport
DWC,Dubai,Al Maktoum International Airport
DXB,Dubai,Dubai International Airport
DYG,Dayong,Dayong Airport
DYU,Dushanbe,Dushanbe Airport
DZA,Dzaoudzi,Dzaoudzi Pamandzi International Airport
EAU,Eau Claire,Chippewa Valley Regional Airport
EBB,Entebbe,Entebbe International Airport
EBL,Erbil,Erbil International Airport
EBU,St-Etienne,Saint-Etienne-Boutheon Airport
ECN,Nicosia,Ercan International Airport
ECP,Panama City,Northwest Florida Beaches International Airport
EDI,Edinburgh,Edinburgh Airport
EGC,Bergerac,Bergerac-Roumaniere Airport
EGE,Vail,Eagle County Regional Airport
EIS,Tortola,Terrance B. Lettsome International Airport
EKO,Elko,Elko Regional Airport
ELH,North Eleuthera,North Eleuthera Airport
ELM,Elmira,Elmira Corning Regional Airport
ELP,El Paso,El Paso International Airport
ELQ,Gassim,Gassim Airport
EMD,Emerald,Emerald Airport
ENH,Enshi,Enshi Airport
ENY,Yan'an,Yan'an Ershilipu Airport
ERC,Erzincan,Erzincan Airport
ERI,Erie,Erie International Tom Ridge Field
ERZ,Erzurum,Erzurum International Airport
ESB,Ankara,Esenboga International Airport
ESC,Escanaba,Delta County Airport
EUG,Eugene,Mahlon Sweet Field
EVN,Yerevan,Zvartnots International Airport
EVV,Evansville,Evansville Regional Airport
EWN,New Bern,Coastal Carolina Regional Airport
EWR,Newark,Newark Liberty International Airport
EXT,Exeter,Exeter International Airport
EYW,Key West,Key West International Airport
EZE,Buenos Aires,Ministro Pistarini International Airport
EZS,Elazig,Elazig Airport
FAO,Faro,Faro Airport
FAR,Fargo,Hector International Airport
FAT,Fresno,Fresno Yosemite International Airport
FAY,Fayetteville,Fayetteville Regional Grannis Field
FBM,Lubumashi,Lubumbashi International Airport
FCA,Kalispell,Glacier Park International Airport
FCO,Rome,Leonardo da Vinci-Fiumicino Airport
FDF,Fort-de-france,Martinique Aime Cesaire International Airport
FDH,Friedrichshafen,Friedrichshafen Airport
FIH,Kinshasa,Ndjili International Airport
FKL,Franklin,Venango Regional Airport
FKS,Fukushima,Fukushima Airport
FLL,Fort Lauderdale,Fort Lauderdale Hollywood International Airport
FLN,Florianopolis,Hercilio Luz International Airport
FLR,Florence,Peretola Airport
FMN,Farmington,Four Corners Regional Airport
FMO,Munster,Munster Osnabruck Airport
FNA,Freetown,Lungi International Airport
FNT,Flint,Bishop International Airport
FOC,Fuzhou,Fuzhou Changle International Airport
FOE,Topeka,Topeka Regional Airport - Forbes Field
FOR,Fortaleza,Pinto Martins International Airport
FPO,Freeport,Grand Bahama International Airport
FRA,Frankfurt,Frankfurt am Main International Airport
FRU,Bishkek,Manas International Airport
FSC,Figari,Figari Sud-Corse Airport
FSD,Sioux Falls,Joe Foss Field Airport
FSM,Fort Smith,Fort Smith Regional Airport
FTE,El Calafate,El Calafate Airport
FUG,Fuyang,Fuyang Xiguan Airport
FUJ,Fukue,Fukue Airport
FUK,Fukuoka,Fukuoka Airport
FWA,Fort Wayne,Fort Wayne International Airport
GCC,Gillette,Gillette Campbell County Airport
GCM,Georgetown,Owen Roberts International Airport
GDL,Guadalajara,Don Miguel Hidalgo Y Costilla International Airport
GDN,Gdansk,Gdansk Lech Walesa Airport
GEG,Spokane,Spokane International Airport
GET,Geraldton,Geraldton Airport
GFK,Grand Forks,Grand Forks International Airport
GGT,Great Exuma,Exuma International Airport
GHB,Governor's Harbor,Governor's Harbour Airport
GIB,Gibraltar,Gibraltar Airport
GIG,Rio De Janeiro,Rio Galeao - Tom Jobim International Airport
GJT,Grand Junction,Grand Junction Regional Airport
GLA,Glasgow,Glasgow International Airport
GLT,Gladstone,Gladstone Airport
GMP,Seoul,Gimpo International Airport
GND,Point Salines,Point Salines International Airport
GNV,Gainesville,Gainesville Regional Airport
GNY,Sanliurfa,Sanliurfa GAP Airport
GOA,Genoa,Genoa Cristoforo Colombo Airport
GOI,Goa,Dabolim Airport
GOJ,Nizhniy Novgorod,Nizhny Novgorod Strigino International Airport
GOT,Gothenborg,Gothenburg-Landvetter Airport
GOV,Gove,Gove Airport
GPT,Gulfport,Gulfport Biloxi International Airport
GRB,Green Bay,Austin Straubel International Airport
GRK,Killeen,Robert Gray  Army Air Field Airport
GRR,Grand Rapids,Gerald R. Ford International Airport
GRU,Sao Paulo,Guarulhos - Governador Andre Franco Montoro International Airport
GRX,Granada,Federico Garcia Lorca Airport
GRZ,Graz,Graz Airport
GSO,Greensboro,Piedmont Triad International Airport
GSP,Greenville,Greenville Spartanburg International Airport
GTF,Great Falls,Great Falls International Airport
GTR,Columbus Mississippi,Golden Triangle Regional Airport
GUA,Guatemala City,La Aurora Airport
GUC,Gunnison,Gunnison Crested Butte Regional Airport
GUM,Agana,Antonio B. Won Pat International Airport
GVA,Geneva,Geneva Cointrin International Airport
GWT,Westerland,Westerland Sylt Airport
GYD,Baku,Heydar Aliyev International Airport
GYE,Guayaquil,Jose Joaquin de Olmedo International Airport
GYN,Goiania,Santa Genoveva Airport
GZP,Alanya,Gazipasa Airport
GZT,Gaziantep,Gaziantep International Airport
HAC,Hachijojima,Hachijojima Airport
HAH,Moroni,Prince Said Ibrahim International Airport
HAJ,Hannover,Hannover Airport
HAK,Haikou,Haikou Meilan International Airport
HAM,Hamburg,Hamburg Airport
HAN,Hanoi,Noi Bai International Airport
HAV,Havana,Jose Marti International Airport
HBA,Hobart,Hobart International Airport
HBE,Alexandria,Borg El Arab International Airport
HDG,Handan,Handan Airport
HDN,Hayden,Yampa Valley Airport
HEK,Heihe,Heihe Airport
HEL,Helsinki,Helsinki Vantaa Airport
HER,Heraklion,Heraklion International Nikos Kazantzakis Airport
HET,Hohhot,Baita International Airport
HFE,Hefei,Hefei Luogang International Airport
HGH,Hangzhou,Hangzhou Xiaoshan International Airport
HIB,Hibbing,Range Regional Airport
HID,Horn Island,Horn Island Airport
HIJ,Hiroshima,Hiroshima Airport
HJJ,Zhijiang,Zhijiang Airport
HKD,Hakodate,Hakodate Airport
HKG,Hong Kong,Chek Lap Kok International Airport
HKT,Phuket,Phuket International Airport
HLN,Helena,Helena Regional Airport
HMI,Hami,Hami Airport
HMO,Hermosillo,General Ignacio P. Garcia International Airport
HND,Tokyo,Tokyo Haneda International Airport
HNL,Honolulu,Honolulu International Airport
HOB,Hobbs,Lea County Regional Airport
HON,Huron,Huron Regional Airport
HOU,Houston,William P Hobby Airport
HPN,White Plains,Westchester County Airport
HRB,Harbin,Taiping Airport
HRE,Harare,Harare International Airport
HRG,Hurghada,Hurghada International Airport
HRL,Harlingen,Valley International Airport
HSG,Saga,Saga Airport
HSN,Zhoushan,Zhoushan Airport
HSV,Huntsville,Huntsville International Carl T Jones Field
HTI,Hamilton Island,Hamilton Island Airport
HTN,Hotan,Hotan Airport
HTY,Hatay,Hatay Airport
HUX,Huatulco,Bahias de Huatulco International Airport
HUY,Humberside,Humberside Airport
HVB,Hervey Bay,Hervey Bay Airport
HYD,Hyderabad,Begumpet Airport
HZH,Liping,Liping Airport
IAD,Washington,Washington Dulles International Airport
IAH,Houston,George Bush Intercontinental Houston Airport
IBZ,Ibiza,Ibiza Airport
ICN,Seoul,Incheon International Airport
ICT,Wichita,Wichita Mid Continent Airport
IDA,Idaho Falls,Idaho Falls Regional Airport
IFN,Esfahan,Esfahan Shahid Beheshti International Airport
IGU,Foz Do Iguacu,Cataratas International Airport
IKA,Tehran,Imam Khomeini International Airport
IKI,Iki,Iki Airport
ILM,Wilmington,Wilmington International Airport
IMP,Imperatriz,Prefeito Renato Moreira Airport
IMT,Iron Mountain,Ford Airport
INC,Yinchuan,Yinchuan Airport
IND,Indianapolis,Indianapolis International Airport
INL,International Falls,Falls International Airport
INN,Innsbruck,Innsbruck Airport
IOM,Isle Of Man,Isle of Man Airport
IOS,Ilheus,Bahia - Jorge Amado Airport
IQQ,Iquique,Diego Aracena Airport
ISA,Mount Isa,Mount Isa Airport
ISB,Islamabad,Benazir Bhutto International Airport
ISE,Isparta,Suleyman Demirel International Airport
ISG,Ishigaki,Ishigaki Airport
ISN,Williston,Sloulin Field International Airport
IST,Istanbul,Ataturk International Airport
ISU,Sulaymaniyah,Sulaymaniyah International Airport
ITH,Ithaca,Ithaca Tompkins Regional Airport
ITM,Osaka,Osaka International Airport
ITO,Hilo,Hilo International Airport
IVL,Ivalo,Ivalo Airport
IWJ,Iwami,Iwami Airport
JAC,Jacksn Hole,Jackson Hole Airport
JAN,Jackson,Jackson-Medgar Wiley Evers International Airport
JAX,Jacksonville,Jacksonville International Airport
JED,Jeddah,King Abdulaziz International Airport
JER,Jersey,Jersey Airport
JFK,New York,John F Kennedy International Airport
JHG,Jinghonggasa,Xishuangbanna Gasa Airport
JHW,Jamestown,Chautauqua County-Jamestown Airport
JIB,Djibouti,Djibouti-Ambouli Airport
JIU,Jiujiang,Jiujiang Lushan Airport
JJN,Quanzhou,Quanzhou Jinjiang International Airport
JMK,Mykonos,Mikonos Airport
JMU,Jiamusi,Jiamusi Airport
JNB,Johannesburg,OR Tambo International Airport
JNG,Jining,Jining Qufu Airport
JNU,Juneau,Juneau International Airport
JOI,Joinville,Lauro Carneiro de Loyola Airport
JPA,Joao Pessoa,Presidente Castro Pinto International Airport
JRO,Kilimanjaro,Kilimanjaro International Airport
JST,Johnstown,John Murtha Johnstown Cambria County Airport
JTR,Thira,Santorini Airport
JUB,Juba,Juba International Airport
JUL,Juliaca,Inca Manco Capac International Airport
JXA,Jixi,Jixi Xingkaihu Airport
KAN,Kano,Mallam Aminu International Airport
KBL,Kabul,Kabul International Airport
KBP,Kiev,Boryspil International Airport
KBV,Krabi,Krabi Airport
KCA,Kuqa,Kuqa Airport
KCH,Kuching,Kuching International Airport
KCM,Kahramanmaras,Kahramanmaras Airport
KCZ,Kochi,Kochi Ryoma Airport
KFS,Kastamonu,Kastamonu Airport
KGI,Kalgoorlie,Kalgoorlie Boulder Airport
KGL,Kigali,Kigali International Airport
KHG,Kashi,Kashgar Airport
KHH,Kaohsiung,Kaohsiung International Airport
KHI,Karachi,Jinnah International Airport
KHN,Nanchang,Nanchang Changbei International Airport
KHV,Khabarovsk,Khabarovsk-Novy Airport
KIJ,Niigata,Niigata Airport
KIN,Kingston,Norman Manley International Airport
KIV,Chisinau,Chisinau International Airport
KIX,Osaka,Kansai International Airport
KKJ,Kitakyushu,Kitakyushu Airport
KLX,Kalamata,Kalamata Airport
KMG,Kunming,Kunming Changshui International Airport
KMI,Miyazaki,Miyazaki Airport
KMJ,Kumamoto,Kumamoto Airport
KMQ,Kanazawa,Komatsu Airport
KNX,Kununurra,Kununurra Airport
KOA,Kona,Kona International At Keahole Airport
KOJ,Kagoshima,Kagoshima Airport
KOW,Ganzhou,Ganzhou Airport
KRK,Krakow,John Paul II International Airport Krakow-Balice Airport
KRL,Korla,Korla Airport
KRS,Kristiansand,Kristiansand Airport
KRT,Khartoum,Khartoum International Airport
KRY,Karamay,Karamay Airport
KSA,Kosrae,Kosrae International Airport
KSC,Kosice,Kosice Airport
KSH,Bakhtaran,Shahid Ashrafi Esfahani Airport
KSY,Kars,Kars Airport
KTA,Karratha,Karratha Airport
KTM,Kathmandu,Tribhuvan International Airport
KTN,Ketchikan,Ketchikan International Airport
KTT,Kittila,Kittila Airport
KTW,Katowice,Katowice International Airport
KUF,Samara,Kurumoch International Airport
KUH,Kushiro,Kushiro Airport
KUL,Kuala Lumpur,Kuala Lumpur International Airport
KVD,Ganja,Ganja Airport
KWA,Kwajalein,Bucholz Army Air Field
KWE,Guiyang,Longdongbao Airport
KWI,Kuwait,Kuwait International Airport
KWL,Guilin,Guilin Liangjiang International Airport
KYA,Konya,Konya Airport
KZN,Kazan,Kazan International Airport
KZR,Kutahya,Zafer Airport
LAD,Luanda,Quatro de Fevereiro Airport
LAN,Lansing,Capital City Airport
LAR,Laramie,Laramie Regional Airport
LAS,Las Vegas,McCarran International Airport
LAX,Los Angeles,Los Angeles International Airport
LBA,Leeds,Leeds Bradford Airport
LBB,Lubbock,Lubbock Preston Smith International Airport
LBD,Khudzhand,Khudzhand Airport
LBL,Liberal,Liberal Mid-America Regional Airport
LBV,Libreville,Libreville Leon M'ba International Airport
LCA,Larnaca,Larnaca International Airport
LCH,Lake Charles,Lake Charles Regional Airport
LCY,London,London City Airport
LDB,Londrina,Governador Jose Richa Airport
LDH,Lord Howe Island,Lord Howe Island Airport
LDS,Yinchun,Lindu Airport
LEA,Learmonth,Learmonth Airport
LED,St. Petersburg,Pulkovo Airport
LEJ,Leipzig,Leipzig Halle Airport
LEX,Lexington KY,Blue Grass Airport
LFT,Lafayette,Lafayette Regional Airport
LFW,Lome,Lome-Tokoin Airport
LGA,New York,La Guardia Airport
LGB,Long Beach,Long Beach /Daugherty Field/ Airport
LGG,Liege,Liege Airport
LGW,London,London Gatwick Airport
LHE,Lahore,Alama Iqbal International Airport
LHR,London,London Heathrow Airport
LHW,Lanzhou,Lanzhou Zhongchuan Airport
LIG,Limoges,Limoges Airport
LIH,Lihue,Lihue Airport
LIL,Lille,Lille-Lesquin Airport
LIM,Lima,Jorge Chavez International Airport
LIN,Milan,Milano Linate Airport
LIR,Liberia,Daniel Oduber Quiros International Airport
LIS,Lisbon,Lisbon Portela Airport
LIT,Little Rock,Bill & Hillary Clinton National Airport/Adams Field
LJG,Lijiang,Lijiang Airport
LJU,Ljubljana,Ljubljana Joze Pucnik Airport
LLW,Lilongwe,Lilongwe International Airport
LMT,Klamath Falls,Klamath Falls Airport
LNK,Lincoln,Lincoln Airport
LNZ,Linz,Linz Horsching Airport
LOS,Lagos,Murtala Muhammed International Airport
LPI,Linkoeping,Linkoping City Airport
LPQ,Luang Prabang,Luang Phabang International Airport
LRD,Laredo,Laredo International Airport
LRE,Longreach,Longreach Airport
LRH,La Rochelle,La Rochelle-Ile de Re Airport
LSE,La Crosse,La Crosse Municipal Airport
LST,Launceston,Launceston Airport
LUN,Lusaka,Kenneth Kaunda International Airport Lusaka
LUX,Luxemburg,Luxembourg-Findel International Airport
LVI,Livingstone,Livingstone Airport
LWB,Lewisburg,Greenbrier Valley Airport
LWO,Lvov,Lviv International Airport
LWS,Lewiston,Lewiston Nez Perce County Airport
LXA,Lhasa,Lhasa Gonggar Airport
LXR,Luxor,Luxor International Airport
LYA,Luoyang,Luoyang Airport
LYG,Lianyungang,Lianyungang Airport
LYS,Lyon,Lyon Saint-Exupery Airport
LZH,Liuzhou,Liuzhou Bailian Airport
LZO,Luzhou,Luzhou Airport
MAA,Madras,Chennai International Airport
MAB,Maraba,Joao Correa da Rocha Airport
MAD,Madrid,Adolfo Suarez Madrid-Barajas Airport
MAF,Midland,Midland International Airport
MAH,Menorca,Menorca Airport
MAJ,Majuro,Marshall Islands International Airport
MAN,Manchester,Manchester Airport
MAO,Manaus,Eduardo Gomes International Airport
MBA,Mombasa,Mombasa Moi International Airport
MBE,Monbetsu,Monbetsu Airport
MBJ,Montego Bay,Sangster International Airport
MBS,Saginaw,MBS International Airport
MCI,Kansas City,Kansas City International Airport
MCO,Orlando,Orlando International Airport
MCP,Macapa,Alberto Alcolumbre Airport
MCT,Muscat,Muscat International Airport
MCZ,Maceio,Zumbi dos Palmares Airport
MDE,Rio Negro,Jose Maria Cordova International Airport
MDG,Mudanjiang,Mudanjiang Hailang International Airport
MDL,Mandalay,Mandalay International Airport
MDT,Harrisburg,Harrisburg International Airport
MDW,Chicago,Chicago Midway International Airport
MED,Madinah,Prince Mohammad Bin Abdulaziz Airport
MEL,Melbourne,Melbourne International Airport
MEM,Memphis,Memphis International Airport
MEX,Mexico City,Licenciado Benito Juarez International Airport
MFE,Mcallen,Mc Allen Miller International Airport
MFM,Macau,Macau International Airport
MFR,Medford,Rogue Valley International Medford Airport
MGA,Managua,Augusto C. Sandino (Managua) International Airport
MGF,Maringa,Regional de Maringa - Silvio Nane Junior Airport
MGM,MONTGOMERY,Montgomery Regional (Dannelly Field) Airport
MGQ,Mogadishu,Aden Adde International Airport
MGW,Morgantown,Morgantown Municipal Walter L. Bill Hart Field
MHD,Mashhad,Mashhad International Airport
MHH,Marsh Harbor,Marsh Harbour International Airport
MHT,Manchester NH,Manchester Airport
MIA,Miami,Miami International Airport
MID,Merida,Licenciado Manuel Crescencio Rejon Int Airport
MIG,Mianyang,Mianyang Airport
MKE,Milwaukee,General Mitchell International Airport
MKG,Muskegon,Muskegon County Airport
MKY,Mackay,Mackay Airport
MLA,Malta,Malta International Airport
MLB,Melbourne,Melbourne International Airport
MLE,Male,Male International Airport
MLI,Moline,Quad City International Airport
MLM,Morelia,General Francisco J. Mujica International Airport
MLU,Monroe,Monroe Regional Airport
MLX,Malatya,Malatya Tulga Airport
MMB,Memanbetsu,Memanbetsu Airport
MME,Teesside,Durham Tees Valley Airport
MMY,Miyako,Miyako Airport
MNL,Manila,Ninoy Aquino International Airport
MOB,Mobile,Mobile Regional Airport
MOD,Modesto,Modesto City Co-Harry Sham Field
MOT,Minot,Minot International Airport
MOV,Moranbah,Moranbah Airport
MPL,Montpellier,Montpellier-Mediterranee Airport
MPM,Maputo,Maputo Airport
MQL,Mildura,Mildura Airport
MQM,Mardin,Mardin Airport
MQT,Gwinn,Sawyer International Airport
MRS,Marseille,Marseille Provence Airport
MRU,Plaisance,Sir Seewoosagur Ramgoolam International Airport
MRY,Monterey,Monterey Peninsula Airport
MRZ,Moree,Moree Airport
MSN,Madison,Dane County Regional Truax Field
MSO,Missoula,Missoula International Airport
MSP,Minneapolis,Minneapolis-St Paul International/Wold-Chamberlain Airport
MSQ,Minsk 2,Minsk National Airport
MSR,Mus,Mus Airport
MSY,New Orleans,Louis Armstrong New Orleans International Airport
MTJ,Montrose CO,Montrose Regional Airport
MTY,Monterrey,General Mariano Escobedo International Airport
MUC,Munich,Munich International Airport
MVD,Montevideo,Carrasco International /General C L Berisso Airport
MXP,Milano,Malpensa International Airport
MXZ,Meixian,Meixian Airport
MYJ,Matsuyama,Matsuyama Airport
MYR,Myrtle Beach,Myrtle Beach International Airport
MYY,Miri,Miri Airport
MZH,Merzifon,Amasya Merzifon Airport
MZR,Mazar-i-sharif,Mazar I Sharif Airport
NAJ,Nakhchivan,Nakhchivan Airport
NAN,Nandi,Nadi International Airport
NAO,Nanchong,Nanchong Airport
NAP,Naples,Naples International Airport
NAS,Nassau,Lynden Pindling International Airport
NAT,Natal,Governador Aluizio Alves International Airport
NAV,Nevsehir,Nevsehir Kapadokya Airport
NBO,Nairobi,Jomo Kenyatta International Airport
NCE,Nice,Nice-Cote d'Azur Airport
NCL,Newcastle,Newcastle Airport
NDG,Qiqihar,Qiqihar Sanjiazi Airport
NDJ,N'djamena,N'Djamena International Airport
NGB,Ninbo,Ningbo Lishe International Airport
NGO,Nagoya,Chubu Centrair International Airport
NGS,Nagasaki,Nagasaki Airport
NIM,Niamey,Diori Hamani International Airport
NJF,Najaf,Al Najaf International Airport
NKC,Nouakschott,Nouakchott International Airport
NKG,Nanjing,Nanjing Lukou Airport
NLA,Ndola,Simon Mwansa Kapwepwe International Airport
NLT,Xinyuan,Xinyuan Nalati Airport
NNG,Nanning,Nanning Wuxu Airport
NNY,Nanyang,Nanyang Jiangying Airport
NOU,Noumea,La Tontouta International Airport
NQY,Newquai,Newquay Cornwall Airport
NRT,Tokyo,Narita International Airport
NSI,Yaounde,Yaounde Nsimalen International Airport
NTE,Nantes,Nantes Atlantique Airport
NTL,Newcastle,Newcastle Airport
NTQ,Wajima,Noto Airport
NUE,Nuernberg,Nuremberg Airport
NVT,Navegantes,Ministro Victor Konder International Airport
NWI,Norwich,Norwich International Airport
OAJ,Jacksonville NC,Albert J Ellis Airport
OAK,Oakland,Metropolitan Oakland International Airport
OAX,Oaxaca,Xoxocotlan International Airport
OBO,Obihiro,Tokachi-Obihiro Airport
ODS,Odessa,Odessa International Airport
OGG,Kahului,Kahului Airport
OHE,Mohe County,Gu-Lian Airport
OIM,Oshima,Oshima Airport
OIT,Oita,Oita Airport
OKA,Okinawa,Naha Airport
OKC,Oklahoma City,Will Rogers World Airport
OKJ,Okayama,Okayama Airport
OLB,Olbia,Olbia Costa Smeralda Airport
OLP,Olympic Dam,Olympic Dam Airport
OMA,Omaha,Eppley Airfield
ONJ,Odate Noshiro,Odate Noshiro Airport
ONT,Ontario,Ontario International Airport
OOL,Coolangatta,Gold Coast Airport
OPO,Porto,Francisco de Sa Carneiro Airport
ORD,Chicago,Chicago O'Hare International Airport
ORF,Norfolk,Norfolk International Airport
ORN,Oran,Es Senia Airport
ORY,Paris,Paris-Orly Airport
OSL,Oslo,Oslo Gardermoen Airport
OSS,Osh,Osh Airport
OTH,North Bend,Southwest Oregon Regional Airport
OTP,Bucharest,Henri Coanda International Airport
OUA,Ouagadougou,Ouagadougou Airport
OVB,Novosibirsk,Tolmachevo Airport
PAD,Paderborn,Paderborn Lippstadt Airport
PAH,PADUCAH,Barkley Regional Airport
PAP,Port-au-prince,Toussaint Louverture International Airport
PBC,Puebla,Hermanos Serdan International Airport
PBI,West Palm Beach,Palm Beach International Airport
PBM,Zandery,Johan Adolf Pengel International Airport
PBO,Paraburdoo,Paraburdoo Airport
PDX,Portland,Portland International Airport
PEK,Beijing,Beijing Capital International Airport
PEN,Penang,Penang International Airport
PER,Perth,Perth International Airport
PET,Pelotas,Joao Simoes Lopes Neto International Airport
PEW,Peshawar,Peshawar International Airport
PFO,Paphos,Paphos International Airport
PGA,Page,Page Municipal Airport
PHC,Port Hartcourt,Port Harcourt International Airport
PHE,Port Hedland,Port Hedland International Airport
PHF,Newport News,Newport News Williamsburg International Airport
PHL,Philadelphia,Philadelphia International Airport
PHX,Phoenix,Phoenix Sky Harbor International Airport
PIA,Peoria,General Wayne A. Downing Peoria International Airport
PIH,Pocatello,Pocatello Regional Airport
PIR,Pierre,Pierre Regional Airport
PIS,Poitiers,Poitiers-Biard Airport
PIT,Pittsburgh,Pittsburgh International Airport
PKB,PARKERSBURG,Mid Ohio Valley Regional Airport
PLN,Pellston,Pellston Regional Airport of Emmet County Airport
PLO,Port Lincoln,Port Lincoln Airport
PLS,Providenciales,Providenciales Airport
PLZ,Port Elizabeth,Port Elizabeth Airport
PMI,Palma de Mallorca,Palma De Mallorca Airport
PMO,Palermo,Falcone-Borsellino Airport
PMW,Palmas,Brigadeiro Lysias Rodrigues Airport
PNH,Phnom-penh,Phnom Penh International Airport
PNI,Pohnpei,Pohnpei International Airport
PNQ,Pune,Pune Airport
PNR,Pointe-noire,Pointe Noire Airport
PNS,Pensacola,Pensacola Regional Airport
POA,Porto Alegre,Salgado Filho Airport
POM,Port Moresby,Port Moresby Jacksons International Airport
POP,Puerto Plata,Gregorio Luperon International Airport
POS,Port-of-spain,Piarco International Airport
POZ,Poznan,Poznan-Lawica Airport
PPT,Papeete,Faa'a International Airport
PQQ,Port Macquarie,Port Macquarie Airport
PRG,Prague,Vaclav Havel Airport Prague
PRN,Pristina,Pristina International Airport
PSA,Pisa,Pisa International Airport
PSC,Pasco,Tri Cities Airport
PSP,Palm Springs,Palm Springs International Airport
PTP,Pointe-a-pitre,Pointe-a-Pitre Le Raizet
PTY,Panama City,Tocumen International Airport
PUB,Pueblo,Pueblo Memorial Airport
PUF,Pau,Pau Pyrenees Airport
PUJ,Punta Cana,Punta Cana International Airport
PUQ,Punta Arenas,Pdte. carlos Ibanez del Campo Airport
PUS,Busan,Gimhae International Airport
PUY,Pula,Pula Airport
PVD,Providence,Theodore Francis Green State Airport
PVG,Shanghai,Shanghai Pudong International Airport
PVH,Porto Velho,Governador Jorge Teixeira de Oliveira Airport
PVR,Puerto Vallarta,Licenciado Gustavo Diaz Ordaz International Airport
PWM,Portland,Portland International Jetport Airport
QRO,Queretaro,Queretaro Intercontinental Airport
RAK,Marrakech,Menara Airport
RAO,Ribeirao Preto,Leite Lopes Airport
RAP,Rapid City,Rapid City Regional Airport
RBA,Rabat,Rabat-Sale Airport
RBR,Rio Branco,Placido de Castro Airport
RDD,Redding,Redding Municipal Airport
RDM,Redmond-Bend,Roberts Field
RDU,Raleigh-durham,Raleigh Durham International Airport
REC,Recife,Guararapes - Gilberto Freyre International Airport
REP,Siem-reap,Siem Reap International Airport
RGN,Yangon,Yangon International Airport
RHI,Rhinelander,Rhinelander Oneida County Airport
RIC,Richmond,Richmond International Airport
RIX,Riga,Riga International Airport
RKS,Rock Springs,Rock Springs Sweetwater County Airport
RLG,Laage,Rostock-Laage Airport
RMA,Roma,Roma Airport
RNO,Reno,Reno Tahoe International Airport
RNS,Rennes,Rennes-Saint-Jacques Airport
ROA,Roanoke VA,Roanoke-Blacksburg Regional Airport
ROB,Monrovia,Roberts International Airport
ROC,Rochester,Greater Rochester International Airport
ROK,Rockhampton,Rockhampton Airport
ROP,Rota,Rota International Airport
ROR,Babelthuap,Babelthuap Airport
ROS,Rosario,Islas Malvinas Airport
ROV,Rostov,Rostov-on-Don Airport
RST,Rochester,Rochester International Airport
RSW,Fort Myers,Southwest Florida International Airport
RTB,Roatan,Juan Manuel Galvez International Airport
RTM,Rotterdam,Rotterdam The Hague Airport
RUH,Riyadh,King Khaled International Airport
RUN,St.-denis,Roland Garros Airport
RZE,Rzeszow,Rzeszow-Jasionka Airport
SAF,Santa Fe,Santa Fe Municipal Airport
SAH,Sanaa,Sana'a International Airport
SAL,San Salvador,El Salvador International Airport
SAN,San Diego,San Diego International Airport
SAP,San Pedro Sula,Ramon Villeda Morales International Airport
SAT,San Antonio,San Antonio International Airport
SAV,Savannah,Savannah Hilton Head International Airport
SAW,Istanbul,Sabiha Gokcen International Airport
SBA,Santa Barbara,Santa Barbara Municipal Airport
SBN,South Bend,South Bend Regional Airport
SBP,San Luis Obispo,San Luis County Regional Airport
SBZ,Sibiu,Sibiu International Airport
SCE,State College Pennsylvania,University Park Airport
SCL,Santiago,Comodoro Arturo Merino Benitez International Airport
SCN,Saarbruecken,Saarbrucken Airport
SCQ,Santiago,Santiago de Compostela Airport
SDF,Louisville,Louisville International Standiford Field
SDJ,Sendai,Sendai Airport
SDQ,Santo Domingo,Las Americas International Airport
SDU,Rio De Janeiro,Santos Dumont Airport
SEA,Seattle,Seattle Tacoma International Airport
SEZ,Mahe,Seychelles International Airport
SFO,San Francisco,San Francisco International Airport
SGF,Springfield,Springfield Branson National Airport
SGN,Ho Chi Minh City,Tan Son Nhat International Airport
SGU,Saint George,St George Municipal Airport
SHA,Shanghai,Shanghai Hongqiao International Airport
SHB,Nakashibetsu,Nakashibetsu Airport
SHD,Weyers Cave,Shenandoah Valley Regional Airport
SHE,Shenyang,Taoxian Airport
SHJ,Sharjah,Sharjah International Airport
SHV,Shreveport,Shreveport Regional Airport
SIN,Singapore,Singapore Changi Airport
SIT,Sitka,Sitka Rocky Gutierrez Airport
SJC,San Jose,Norman Y. Mineta San Jose International Airport
SJD,San Jose Del Cabo,Los Cabos International Airport
SJJ,Sarajevo,Sarajevo International Airport
SJO,San Jose,Juan Santamaria International Airport
SJP,Sao Jose Do Rio Preto,Prof. Eribelto Manoel Reino State Airport
SJU,San Juan,Luis Munoz Marin International Airport
SJW,Shijiazhuang,Shijiazhuang Daguocun International Airport
SKB,Basse Terre,Robert L. Bradshaw International Airport
SKG,Thessaloniki,Thessaloniki Macedonia International Airport
SKP,Skopje,Skopje Alexander the Great Airport
SKT,Sialkot,Sialkot Airport
SLC,Salt Lake City,Salt Lake City International Airport
SLL,Salalah,Salalah Airport
SLP,San Luis Potosi,Ponciano Arriaga International Airport
SLU,Castries,George F. L. Charles Airport
SLW,Saltillo,Plan De Guadalupe International Airport
SLZ,Sao Luis,Marechal Cunha Machado International Airport
SMF,Sacramento,Sacramento International Airport
SMX,Santa Maria,Santa Maria Pub/Capt G Allan Hancock Field
SNA,Santa Ana,John Wayne Airport-Orange County Airport
SNN,Shannon,Shannon Airport
SOF,Sofia,Sofia Airport
SON,Santo,Santo Pekoa International Airport
SOU,Southampton,Southampton Airport
SOW,Show Low,Show Low Regional Airport
SPI,Springfield,Abraham Lincoln Capital Airport
SPN,Saipan,Saipan International Airport
SPU,Split,Split Airport
SRQ,Sarasota,Sarasota Bradenton International Airport
SSA,Salvador,Deputado Luiz Eduardo Magalhaes International Airport
SSG,Malabo,Malabo Airport
SSH,Sharm El Sheikh,Sharm El Sheikh International Airport
STC,Saint Cloud,St Cloud Regional Airport
STI,Santiago,Cibao International Airport
STL,St. Louis,Lambert St Louis International Airport
STM,Santarem,Maestro Wilson Fonseca Airport
STR,Stuttgart,Stuttgart Airport
STT,St. Thomas,Cyril E. King Airport
STW,Stavropol,Stavropol Shpakovskoye Airport
SUB,Surabaya,Juanda International Airport
SUF,Lamezia,Lamezia Terme Airport
SVG,Stavanger,Stavanger Airport Sola
SVO,Moscow,Sheremetyevo International Airport
SVQ,Sevilla,Sevilla Airport
SVX,Yekaterinburg,Koltsovo Airport
SWA,Shantou,Jieyang Chaoshan International Airport
SWF,Newburgh,Stewart International Airport
SXB,Strasbourg,Strasbourg Airport
SXM,Philipsburg,Princess Juliana International Airport
SYD,Sydney,Sydney Kingsford Smith International Airport
SYM,Simao,Pu'er Simao Airport
SYO,Shonai,Shonai Airport
SYR,Syracuse,Syracuse Hancock International Airport
SYX,Sanya,Sanya Phoenix International Airport
SYZ,Shiraz,Shiraz Shahid Dastghaib International Airport
SZG,Salzburg,Salzburg Airport
SZX,Shenzhen,Shenzhen Bao'an International Airport
TAB,Scarborough,Tobago-Crown Point Airport
TAK,Takamatsu,Takamatsu Airport
TAM,Tampico,General Francisco Javier Mina International Airport
TAO,Qingdao,Liuting Airport
TAS,Tashkent,Tashkent International Airport
TBS,Tbilisi,Tbilisi International Airport
TBZ,Tabriz,Tabriz International Airport
TCB,Treasure Cay,Treasure Cay Airport
TCG,Tacheng,Tacheng Airport
TEN,Tongren,Tongren Fenghuang Airport
TEQ,Corlu,Tekirdag Corlu Airport
TFS,Tenerife,Tenerife South Airport
TGD,Podgorica,Podgorica Airport
TGO,Tongliao,Tongliao Airport
TGU,Tegucigalpa,Toncontin International Airport
THE,Teresina,Senador Petronio Portela Airport
TIA,Tirana,Tirana International Airport Mother Teresa
TIF,Taif,Ta'if Regional Airport
TIP,Tripoli,Tripoli International Airport
TKK,Chuuk,Chuuk International Airport
TKS,Tokushima,Tokushima Airport
TLH,Tallahassee,Tallahassee Regional Airport
TLL,Tallinn-ulemiste International,Lennart Meri Tallinn Airport
TLN,Hyeres,Toulon-Hyeres Airport
TLS,Toulouse,Toulouse-Blagnac Airport
TLV,Tel-aviv,Ben Gurion International Airport
TMS,Sao Tome,Sao Tome International Airport
TMW,Tamworth,Tamworth Airport
TNA,Jinan,Yaoqiang Airport
TNR,Antananarivo,Ivato Airport
TOS,Tromso,Tromso Airport
TOY,Toyama,Toyama Airport
TPA,Tampa,Tampa International Airport
TPE,Taipei,Taiwan Taoyuan International Airport
TRC,Torreon,Francisco Sarabia International Airport
TRD,Trondheim,Trondheim Airport Vaernes
TRI,BRISTOL,Tri Cities Regional Tn Va Airport
TRN,Torino,Turin Airport
TRS,Ronchi De Legionari,Trieste-Friuli Venezia Giulia Airport
TRV,Trivandrum,Trivandrum International Airport
TSA,Taipei,Taipei Songshan Airport
TSE,Tselinograd,Astana International Airport
TSJ,Tsushima,Tsushima Airport
TSN,Tianjin,Tianjin Binhai International Airport
TSR,Timisoara,Timisoara Traian Vuia Airport
TSV,Townsville,Townsville Airport
TTJ,Tottori,Tottori Airport
TUL,Tulsa,Tulsa International Airport
TUN,Tunis,Tunis Carthage International Airport
TUS,Tucson,Tucson International Airport
TVC,Traverse City,Cherry Capital Airport
TWF,Twin Falls,Joslin Field Magic Valley Regional Airport
TXL,Berlin,Berlin-Tegel International Airport
TXN,Huangshan,Tunxi International Airport
TYN,Taiyuan,Taiyuan Wusu Airport
TYR,Tyler,Tyler Pounds Regional Airport
TYS,Knoxville,McGhee Tyson Airport
TZX,Trabzon,Trabzon International Airport
UBJ,Yamaguchi,Yamaguchi Ube Airport
UDI,Uberlandia,Ten. Cel. Aviador Cesar Bombonato Airport
UFA,Ufa,Ufa International Airport
UIO,Quito,Mariscal Sucre International Airport
UKB,Kobe,Kobe Airport
ULN,Ulan Bator,Chinggis Khaan International Airport
URC,Urumqi,Urumqi Diwopu International Airport
USH,Ushuaia,Malvinas Argentinas Airport
USM,Ko Samui,Samui Airport
UVF,Hewandorra,Hewanorra International Airport
UYN,Yulin,Yulin Yuyang Airport
VAN,Van,Van Ferit Melen Airport
VAS,Sivas,Sivas Nuri Demirag Airport
VCE,Venice,Venice Marco Polo Airport
VCP,Campinas,Viracopos International Airport
VEL,Vernal,Vernal Regional Airport
VER,Vera Cruz,General Heriberto Jara International Airport
VFA,Victoria Falls,Victoria Falls International Airport
VGO,Vigo,Vigo Airport
VIE,Vienna,Vienna International Airport
VIX,Vitoria,Eurico de Aguiar Salles Airport
VKO,Moscow,Vnukovo International Airport
VLC,Valencia,Valencia Airport
VLD,Valdosta,Valdosta Regional Airport
VLI,Port-vila,Bauerfield International Airport
VNO,Vilnius,Vilnius International Airport
VPS,Valparaiso,Destin-Ft Walton Beach Airport
VRN,Villafranca,Verona Villafranca Airport
VSA,Villahermosa,Carlos Rovirosa Perez International Airport
VVO,Vladivostok,Vladivostok International Airport
WAW,Warsaw,Warsaw Chopin Airport
WDH,Windhoek,Hosea Kutako International Airport
WEI,Weipa,Weipa Airport
WGA,Wagga Wagga,Wagga Wagga City Airport
WKJ,Wakkanai,Wakkanai Airport
WLG,Wellington,Wellington International Airport
WNZ,Wenzhou,Wenzhou Yongqiang Airport
WRL,Worland,Worland Municipal Airport
WRO,Wroclaw,Copernicus Wroclaw Airport
WUH,Wuhan,Wuhan Tianhe International Airport
WUS,Wuyishan,Nanping Wuyishan Airport
WUX,Wuxi,Sunan Shuofang International Airport
WXN,Wanxian,Wanxian Airport
XFN,Xiangfan,Xiangyang Liuji Airport
XIL,Xilinhot,Xilinhot Airport
XIY,Xi'an,Xi'an Xianyang International Airport
XMN,Xiamen,Xiamen Gaoqi International Airport
XNA,Bentonville,Northwest Arkansas Regional Airport
XNN,Xining,Xining Caojiabu Airport
XUZ,Xuzhou,Xuzhou Guanyin Airport
YAP,Yap,Yap International Airport
YCU,Yuncheng,Yuncheng Guangong Airport
YEG,Edmonton,Edmonton International Airport
YGJ,Miho,Miho Yonago Airport
YHZ,Halifax,Halifax / Stanfield International Airport
YIH,Yichang,Yichang Sanxia Airport
YIN,Yining,Yining Airport
YIW,Yiwu,Yiwu Airport
YLW,Kelowna,Kelowna International Airport
YMM,Fort Mcmurray,Fort McMurray Airport
YNB,Yenbo,Prince Abdulmohsin Bin Abdulaziz Airport
YNJ,Yanji,Yanji Chaoyangchuan Airport
YNT,Yantai,Yantai Laishan Airport
YNZ,Yancheng,Yancheng Airport
YOW,Ottawa,Ottawa Macdonald-Cartier International Airport
YQB,Quebec,Quebec Jean Lesage International Airport
YQM,Moncton,Greater Moncton International Airport
YQR,Regina,Regina International Airport
YTY,Yangzhou,Yangzhou Taizhou Airport
YUL,Montreal,Montreal / Pierre Elliott Trudeau International Airport
YUM,Yuma,Yuma MCAS/Yuma International Airport
YVR,Vancouver,Vancouver International Airport
YWG,Winnipeg,Winnipeg / James Armstrong Richardson International Airport
YXE,Saskatoon,Saskatoon John G. Diefenbaker International Airport
YXU,London,London Airport
YYC,Calgary,Calgary International Airport
YYJ,Victoria,Victoria International Airport
YYT,St. John's,St. John's International Airport
YYZ,Toronto,Lester B. Pearson International Airport
ZAD,Zadar,Zemunik Airport
ZAG,Zagreb,Zagreb Airport
ZAT,Zhaotong,Zhaotong Airport
ZHA,Zhanjiang,Zhanjiang Airport
ZIH,Zihuatanejo,Ixtapa Zihuatanejo International Airport
ZLO,Manzanillo,Playa De Oro International Airport
ZNE,Newman,Newman Airport
ZNZ,Zanzibar,Abeid Amani Karume International Airport
ZQN,Queenstown International,Queenstown International Airport
ZRH,Zurich,Zurich Airport
ZSE,St.-pierre,Pierrefonds Airport
ZUH,Zhuhai,Zhuhai Jinwan Airport
ZYI,Zunyi,Zunyi Xinzhou Airport
